{"alpha": 0.045646495446540016, "alpha_annual": 12.803733709770526, "alpha_p_value": 0.0002456341211913258, "beta": 0.04672543908509062, "beta_p_value": 1.4466231960753903e-07}