{"alpha": 0.034731216768676264, "alpha_annual": 9.600800612437066, "alpha_p_value": 1.8182738363795895e-14, "beta": 0.02213795605759201, "beta_p_value": 9.736406907563874e-07}