{"alpha": 0.032881424935007085, "alpha_annual": 9.06705529378684, "alpha_p_value": 7.039041867785004e-13, "beta": 0.005786835184873391, "beta_p_value": 0.29055199378262286}