{"alpha": 0.032113129847250836, "alpha_annual": 8.846130612028812, "alpha_p_value": 0.006882344733792839, "beta": 0.02720043880165876, "beta_p_value": 0.0013229521751020495}