{"alpha": 0.026735504706868626, "alpha_annual": 7.3122152194751155, "alpha_p_value": 1.3567240542106724e-09, "beta": 0.0138077914809549, "beta_p_value": 0.00170405656548172}