{"alpha": 0.025919644253200067, "alpha_annual": 7.081387933636396, "alpha_p_value": 1.0043841106842808e-08, "beta": 0.0026043742728912482, "beta_p_value": 0.6302324193399162}