{"alpha": 0.06004478273644394, "alpha_annual": 17.17175390882142, "alpha_p_value": 0.12845362064865753, "beta": -0.0062332242469679625, "beta_p_value": 0.8302210804418336}