{"alpha": 0.006030603630285523, "alpha_annual": 1.60477169376827, "alpha_p_value": 0.7054576033898521, "beta": 0.11950433859646477, "beta_p_value": 1.0641196946370768e-09}