{"alpha": 0.01919843641881397, "alpha_annual": 5.198515974823237, "alpha_p_value": 0.22403446519700543, "beta": 0.08630873367412514, "beta_p_value": 1.2828737869820889e-08}