{"alpha": 0.030853006440699052, "alpha_annual": 8.484744606477479, "alpha_p_value": 0.49027555910249276, "beta": 0.6090177585429297, "beta_p_value": 9.974905341926736e-72}