{"alpha": 0.005432737451485013, "alpha_annual": 1.4445377756251654, "alpha_p_value": 0.7989423397083851, "beta": 0.6191102371747832, "beta_p_value": 7.928979506729005e-206}