{"alpha": -0.01457238594629716, "alpha_annual": -3.774318284913747, "alpha_p_value": 0.4534144127008207, "beta": 0.6637207789627215, "beta_p_value": 2.160846951227852e-142}