{"alpha": 0.022049354669584218, "alpha_annual": 5.993107218969906, "alpha_p_value": 0.21372659241847394, "beta": 0.7433751112913997, "beta_p_value": 0.0}