{"alpha": 0.01845406277655554, "alpha_annual": 4.992027318961556, "alpha_p_value": 0.0024738734916576336, "beta": 0.7942142939671597, "beta_p_value": 0.0}