{"alpha": 0.020951275534865862, "alpha_annual": 5.686351535270995, "alpha_p_value": 0.0007356057003939496, "beta": 0.7677360333057776, "beta_p_value": 0.0}