{"alpha": 0.06464948933803578, "alpha_annual": 18.603938166296707, "alpha_p_value": 0.011092484902705322, "beta": 0.04275121106175641, "beta_p_value": 0.018432718307190815}