{"alpha": 0.058747715541849245, "alpha_annual": 16.771451189642008, "alpha_p_value": 1.6457306815711423e-11, "beta": 0.010035122007490493, "beta_p_value": 0.24868608732348274}