{"alpha": 0.05876532877803308, "alpha_annual": 16.776877876396345, "alpha_p_value": 3.5599007751698683e-12, "beta": -0.013119777163489828, "beta_p_value": 0.1940831687574095}