{"alpha": -0.00572103177255787, "alpha_annual": -1.4990463306637114, "alpha_p_value": 0.6465983966352954, "beta": 0.607436006419535, "beta_p_value": 0.0}