{"alpha": -0.017367573988013627, "alpha_annual": -4.481895193163665, "alpha_p_value": 0.15801127443890367, "beta": 0.6242717003229782, "beta_p_value": 0.0}