{"alpha": 0.03294622062615343, "alpha_annual": 9.08570782844087, "alpha_p_value": 0.34172287450464145, "beta": 0.5606325251961058, "beta_p_value": 8.715767135885261e-91}