{"alpha": 0.04809511043994947, "alpha_annual": 13.534953957422058, "alpha_p_value": 0.040703605443615454, "beta": 0.003736640594116024, "beta_p_value": 0.8233829234429072}