{"alpha": 0.041312606554560885, "alpha_annual": 11.521003419937914, "alpha_p_value": 5.371319844639776e-08, "beta": -0.004045111766584261, "beta_p_value": 0.5934701636159969}