{"alpha": 0.04023730107533244, "alpha_annual": 11.204994483168473, "alpha_p_value": 8.471499192242747e-09, "beta": -0.011142562820484531, "beta_p_value": 0.18241052761713705}