{"alpha": -0.015396454864803018, "alpha_annual": -3.983465044810175, "alpha_p_value": 0.006094203408178451, "beta": 0.8146434742791214, "beta_p_value": 0.0}