{"alpha": -0.03218155971638172, "alpha_annual": -8.146290735047469, "alpha_p_value": 0.04664468096012948, "beta": 0.7910253150316613, "beta_p_value": 0.0}