{"alpha": -0.010836172097626632, "alpha_annual": -2.820368060588563, "alpha_p_value": 0.04779788522045014, "beta": 0.83138574994328, "beta_p_value": 0.0}