{"alpha": 0.06050969525800472, "alpha_annual": 17.315568445198217, "alpha_p_value": 0.0035829816259690186, "beta": 0.6955721646354698, "beta_p_value": 0.0}