{"alpha": 0.038648972314431415, "alpha_annual": 10.739850409614405, "alpha_p_value": 2.8255069138309454e-07, "beta": 0.6804641206108397, "beta_p_value": 0.0}