{"alpha": 0.033474021596403856, "alpha_annual": 9.237762674471561, "alpha_p_value": 9.886507929372075e-06, "beta": 0.6594804588503095, "beta_p_value": 0.0}