{"alpha": 0.01584612222675502, "alpha_annual": 4.271766943188959, "alpha_p_value": 0.0010806226106931925, "beta": -0.0320373434205991, "beta_p_value": 3.7082087653276253e-11}