{"alpha": 0.004682556456710587, "alpha_annual": 1.2438380749043354, "alpha_p_value": 0.7319948535235661, "beta": -0.03891144293219878, "beta_p_value": 6.691456680309367e-05}