{"alpha": 0.0188399774894712, "alpha_annual": 5.099029300365698, "alpha_p_value": 9.30187291527036e-05, "beta": -0.02279916340808217, "beta_p_value": 7.794602080348382e-05}