{"alpha": 0.02599007657782234, "alpha_annual": 7.101295473861113, "alpha_p_value": 1.0706075034195816e-16, "beta": 0.004460406251991259, "beta_p_value": 0.23335324352017464}