{"alpha": 0.02924678377629559, "alpha_annual": 8.02583445302436, "alpha_p_value": 2.9576567747323773e-22, "beta": 0.019925468307554626, "beta_p_value": 3.377896139356126e-11}