{"alpha": 0.04415524419828468, "alpha_annual": 12.3607078880964, "alpha_p_value": 2.2440010525899243e-08, "beta": 0.04005678849693207, "beta_p_value": 1.2066127555412884e-12}