{"alpha": 0.06047994140951082, "alpha_annual": 17.30635922132384, "alpha_p_value": 4.3173735797496965e-23, "beta": -0.01053906534055767, "beta_p_value": 0.08340154767468612}