{"alpha": 0.0739562390386506, "alpha_annual": 21.552041343751082, "alpha_p_value": 1.8498762932126246e-05, "beta": -0.01645942459673244, "beta_p_value": 0.1804124380264886}