{"alpha": 0.055480296180536244, "alpha_annual": 15.76908406306654, "alpha_p_value": 4.451224122647014e-20, "beta": 0.0022888329224419416, "beta_p_value": 0.7512286858031738}