{"alpha": 0.010882639061301394, "alpha_annual": 2.9145250599166284, "alpha_p_value": 0.5989698819664463, "beta": 0.6175745756873192, "beta_p_value": 3.322523156270273e-291}