{"alpha": 0.029082155186672152, "alpha_annual": 7.97890820545355, "alpha_p_value": 0.00014299933148348619, "beta": 0.6809045882017072, "beta_p_value": 0.0}