{"alpha": 0.026489210086651335, "alpha_annual": 7.242480139366014, "alpha_p_value": 0.0004594840477807898, "beta": 0.6487756893588651, "beta_p_value": 0.0}