{"alpha": 0.04305287686840641, "alpha_annual": 12.034327635282738, "alpha_p_value": 0.01716781873646685, "beta": 0.9611010488342502, "beta_p_value": 0.0}