{"alpha": 0.07395662215667141, "alpha_annual": 21.5521641945315, "alpha_p_value": 0.1335729069818232, "beta": 0.9622160170358354, "beta_p_value": 2.5289966233595345e-123}