{"alpha": 0.034519921543791215, "alpha_annual": 9.539701359016718, "alpha_p_value": 0.043043923867566496, "beta": 0.9319569024635913, "beta_p_value": 0.0}