{"alpha": 0.05838165190493998, "alpha_annual": 16.658722823454795, "alpha_p_value": 0.020225068637337043, "beta": -0.017778980753451048, "beta_p_value": 0.3208559335593441}