{"alpha": 0.053198723910479945, "alpha_annual": 15.07423858305934, "alpha_p_value": 1.0573890852066228e-10, "beta": -0.006881864517204213, "beta_p_value": 0.4847056107238037}