{"alpha": 0.054939797876337654, "alpha_annual": 15.604100184605695, "alpha_p_value": 1.2724653815629193e-10, "beta": -0.011977156970117886, "beta_p_value": 0.15984124399919972}