{"alpha": 0.06911424927626211, "alpha_annual": 20.009244777393253, "alpha_p_value": 0.008769973340277633, "beta": -0.10917139574315246, "beta_p_value": 6.892539928710054e-09}