{"alpha": 0.09399287870995549, "alpha_annual": 28.149152734860117, "alpha_p_value": 9.151725221970492e-24, "beta": -0.008567785950429686, "beta_p_value": 0.44276733502320875}