{"alpha": 0.09121689954316904, "alpha_annual": 27.214296266849836, "alpha_p_value": 2.8958421506462244e-22, "beta": -0.058709700794063215, "beta_p_value": 3.735479670271335e-10}