{"alpha": 0.049608621027970375, "alpha_annual": 13.989287062174771, "alpha_p_value": 0.014148128322562901, "beta": 0.6907454180449593, "beta_p_value": 0.0}