{"alpha": 0.00985745422689635, "alpha_annual": 2.6363935285906193, "alpha_p_value": 0.17146975977722273, "beta": 0.7046394322324724, "beta_p_value": 0.0}