{"alpha": -0.0022636685298710697, "alpha_annual": -0.5958330878907958, "alpha_p_value": 0.752707016927187, "beta": 0.7188732370974062, "beta_p_value": 0.0}