{"alpha": 0.042525708806870635, "alpha_annual": 11.878581853457115, "alpha_p_value": 2.953277085211917e-15, "beta": 0.0005428900558373196, "beta_p_value": 0.9194848526734505}