{"alpha": 0.0411578092893341, "alpha_annual": 11.47545680211277, "alpha_p_value": 7.542151730903748e-15, "beta": -0.00029804379819503053, "beta_p_value": 0.9624213473741813}