{"alpha": 0.046559526182726275, "alpha_annual": 13.075838319032517, "alpha_p_value": 0.002599355209194248, "beta": 0.0012233329673609628, "beta_p_value": 0.9115150493059803}