{"alpha": 0.015893709759740884, "alpha_annual": 4.28486546267004, "alpha_p_value": 0.0004548560575127198, "beta": -0.004333596248248345, "beta_p_value": 0.33811268371944103}