{"alpha": 0.023784975042481456, "alpha_annual": 6.479774222896961, "alpha_p_value": 1.1662796918576049e-07, "beta": -0.021318575231619865, "beta_p_value": 7.227233163568495e-05}