{"alpha": -0.006704821136324084, "alpha_annual": -1.754557317698846, "alpha_p_value": 0.6015480865357392, "beta": 0.017138376228126934, "beta_p_value": 0.06117017928145092}