{"alpha": 0.02962016678840243, "alpha_annual": 8.132340019278406, "alpha_p_value": 1.5635653576438235e-05, "beta": -0.02144104142838211, "beta_p_value": 0.008979752103610707}