{"alpha": 0.03515513316806202, "alpha_annual": 9.723484942924143, "alpha_p_value": 8.33595195212765e-07, "beta": -0.034743006594310295, "beta_p_value": 1.0701575986151633e-06}