{"alpha": 0.0512648948845579, "alpha_annual": 14.488551323514853, "alpha_p_value": 0.015010552210483273, "beta": -0.04989743185664744, "beta_p_value": 0.0009003569888744766}