{"alpha": 0.02916712771220021, "alpha_annual": 8.00312650328372, "alpha_p_value": 0.0012168796208965567, "beta": 0.05608748528531283, "beta_p_value": 1.2505185377221024e-07}