{"alpha": 0.08042361613577054, "alpha_annual": 23.643596001082344, "alpha_p_value": 0.0026178629593382025, "beta": 0.05938720936200069, "beta_p_value": 0.002545662578157213}