{"alpha": 0.04076846048494796, "alpha_annual": 11.36097905403133, "alpha_p_value": 1.2766100181048063e-05, "beta": 0.05395052509741901, "beta_p_value": 2.7370976076225314e-09}