{"alpha": 0.019279521596716, "alpha_annual": 5.221033359324534, "alpha_p_value": 0.000663823345027449, "beta": 0.0022467066331723663, "beta_p_value": 0.6909997338979605}