{"alpha": 0.007177589884684249, "alpha_annual": 1.9128812851609833, "alpha_p_value": 0.6593275513222826, "beta": 0.034186800964849946, "beta_p_value": 0.003242406431494824}