{"alpha": 0.024624828156061297, "alpha_annual": 6.716067144003102, "alpha_p_value": 9.044437683135088e-06, "beta": -0.02533174044171818, "beta_p_value": 0.00013619867596891336}