{"alpha": 0.027159571785430728, "alpha_annual": 7.432390097742259, "alpha_p_value": 0.22644283341566085, "beta": 0.4315190991658859, "beta_p_value": 6.110802022380625e-141}