{"alpha": -0.0061144730330545, "alpha_annual": -1.6013107189266407, "alpha_p_value": 0.4688471522918707, "beta": 0.47795098765994803, "beta_p_value": 0.0}