{"alpha": -0.0179591341575671, "alpha_annual": -4.63097750802971, "alpha_p_value": 0.038530198575978725, "beta": 0.517333860375582, "beta_p_value": 0.0}