{"alpha": 0.09199341811595185, "alpha_annual": 27.475115048925858, "alpha_p_value": 1.270626867605869e-56, "beta": 0.021176658649021022, "beta_p_value": 0.00023664856616524387}