{"alpha": 0.10314256752339888, "alpha_annual": 31.279184388159287, "alpha_p_value": 4.0557635312313635e-10, "beta": 0.02264330816319558, "beta_p_value": 0.053281284660113025}