{"alpha": 0.08837070990700999, "alpha_annual": 26.262848968621633, "alpha_p_value": 1.438137781782543e-53, "beta": 0.024197949867427678, "beta_p_value": 0.0003886010904097026}