{"alpha": 0.04316249161098378, "alpha_annual": 12.06673917378074, "alpha_p_value": 0.025915715067710617, "beta": 0.06819912028933875, "beta_p_value": 4.45401452143616e-05}