{"alpha": 0.01628061463950367, "alpha_annual": 4.391422305150683, "alpha_p_value": 0.4045345332015343, "beta": 0.04084024863953236, "beta_p_value": 0.08222997721110706}