{"alpha": 0.08168897604354389, "alpha_annual": 24.056988649617097, "alpha_p_value": 0.03505484578772299, "beta": 0.0886738200155874, "beta_p_value": 0.0011046488524668165}