{"alpha": 0.02846513024953396, "alpha_annual": 7.8032101076963345, "alpha_p_value": 0.02240667172452314, "beta": -0.020756926888787174, "beta_p_value": 0.17386651708269482}