{"alpha": 0.05109007144201977, "alpha_annual": 14.43575018524237, "alpha_p_value": 0.11113779020123954, "beta": 0.036286081024002985, "beta_p_value": 0.12437471063960305}