{"alpha": 0.033316881867469714, "alpha_annual": 9.192470031624689, "alpha_p_value": 0.007734460088536238, "beta": 0.011511884623631327, "beta_p_value": 0.3372696680887235}