{"alpha": 0.11105818317214754, "alpha_annual": 34.048423256401826, "alpha_p_value": 1.7229852719433843e-11, "beta": -0.0004484849122402892, "beta_p_value": 0.9694529909014515}