{"alpha": 0.0877231793134816, "alpha_annual": 26.047378994778203, "alpha_p_value": 3.694160553334387e-51, "beta": 0.02614637248630869, "beta_p_value": 0.00016368686157077142}