{"alpha": 0.09391712082515492, "alpha_annual": 28.123549415790006, "alpha_p_value": 9.650360115640915e-58, "beta": 0.01385262941284023, "beta_p_value": 0.017302928198546563}