{"alpha": 0.08408248508160682, "alpha_annual": 24.842716456946867, "alpha_p_value": 4.842716072495411e-50, "beta": 0.020121351819189257, "beta_p_value": 0.0027723924847377936}