{"alpha": 0.08576848835735687, "alpha_annual": 25.39916236285493, "alpha_p_value": 8.623427863108366e-08, "beta": -0.002958787155719153, "beta_p_value": 0.7949555389216564}