{"alpha": 0.08511221076663852, "alpha_annual": 25.182272434570653, "alpha_p_value": 1.0676386319827166e-50, "beta": 0.0076426668991284655, "beta_p_value": 0.17577783260589916}