{"alpha": 0.04888314563563488, "alpha_annual": 13.771284694968, "alpha_p_value": 0.04753255697315325, "beta": -0.0018722771869511292, "beta_p_value": 0.9151588744285182}