{"alpha": 0.03828713674324662, "alpha_annual": 10.634157767838426, "alpha_p_value": 2.086494067479335e-06, "beta": 0.0010875092997624275, "beta_p_value": 0.9103034792748488}