{"alpha": 0.040328673968792667, "alpha_annual": 11.23181227695975, "alpha_p_value": 1.483727658620677e-06, "beta": 0.004431772888086085, "beta_p_value": 0.5959964354995806}