{"alpha": -0.034691658137614455, "alpha_annual": -8.75316394582557, "alpha_p_value": 0.08248491849523255, "beta": 0.6575626134749923, "beta_p_value": 0.0}