{"alpha": -0.006018831694191218, "alpha_annual": -1.5764610808370105, "alpha_p_value": 0.3913440309544086, "beta": 0.6380944370647053, "beta_p_value": 0.0}