{"alpha": 0.003584307901198343, "alpha_annual": 0.9507313357899116, "alpha_p_value": 0.605336551738811, "beta": 0.6260158926783529, "beta_p_value": 0.0}