{"alpha": 0.00849887866616415, "alpha_annual": 2.26896681788753, "alpha_p_value": 0.23871322880421914, "beta": 0.008830173427982676, "beta_p_value": 0.3065046932900693}