{"alpha": 0.001454516767569703, "alpha_annual": 0.38472781879035356, "alpha_p_value": 0.8444073856970228, "beta": 0.01917690408156776, "beta_p_value": 0.009548533003401246}