{"alpha": -0.017106824250841896, "alpha_annual": -4.416108526183704, "alpha_p_value": 0.4265052658095998, "beta": 0.03169103596629094, "beta_p_value": 0.03880337287670564}