{"alpha": 0.09491570113743153, "alpha_annual": 28.46144154558703, "alpha_p_value": 1.40794238878268e-38, "beta": 0.0045231876681547005, "beta_p_value": 0.6033218790914565}