{"alpha": 0.0945786907062744, "alpha_annual": 28.347307352170393, "alpha_p_value": 2.3280272292747859e-38, "beta": -0.020654574765142313, "beta_p_value": 0.00446209888975811}