{"alpha": 0.08731504942102432, "alpha_annual": 25.911759386977963, "alpha_p_value": 1.860245338563829e-05, "beta": -0.051374823624261615, "beta_p_value": 0.0004055153733009077}