{"alpha": -0.012872820954070666, "alpha_annual": -3.3415383607507287, "alpha_p_value": 0.7903081271381764, "beta": 0.9591540028844392, "beta_p_value": 3.348406902980323e-126}