{"alpha": -0.007327321360613665, "alpha_annual": -1.9158926501751994, "alpha_p_value": 0.6804133182768659, "beta": 0.9631265621943574, "beta_p_value": 0.0}