{"alpha": -0.006316932396918127, "alpha_annual": -1.6538933166819314, "alpha_p_value": 0.7085733151334156, "beta": 0.9637038720731651, "beta_p_value": 0.0}