{"alpha": 0.07431623717935237, "alpha_annual": 21.667533058679012, "alpha_p_value": 2.5226918800534624e-33, "beta": -0.005411473822372677, "beta_p_value": 0.3787099308380546}