{"alpha": 0.09854561722706232, "alpha_annual": 29.697201097513325, "alpha_p_value": 2.9072769064166164e-08, "beta": -0.007552994049490763, "beta_p_value": 0.5496037345992455}