{"alpha": 0.06714080590692523, "alpha_annual": 19.386059087922327, "alpha_p_value": 1.8033501909469875e-28, "beta": -0.0033542038884388672, "beta_p_value": 0.6429912155810945}