{"alpha": 0.03981294223110566, "alpha_annual": 11.080530259687205, "alpha_p_value": 1.8205179225024392e-12, "beta": 0.007197064475658846, "beta_p_value": 0.20137142624968563}