{"alpha": 0.029269756404986382, "alpha_annual": 8.032384257970948, "alpha_p_value": 0.06875706962168353, "beta": 0.029011958655452388, "beta_p_value": 0.01139000430501815}