{"alpha": 0.04396374128473417, "alpha_annual": 12.303941306315247, "alpha_p_value": 3.015758787125103e-15, "beta": -0.00967719501125311, "beta_p_value": 0.14612397802571936}