{"alpha": 0.0023126613884728434, "alpha_annual": 0.61240311383155, "alpha_p_value": 0.6819894495575618, "beta": 0.8173331162699338, "beta_p_value": 0.0}