{"alpha": -0.005212119719521592, "alpha_annual": -1.3666113743526442, "alpha_p_value": 0.7596851753718689, "beta": 0.7948796552915041, "beta_p_value": 0.0}