{"alpha": 0.0012557065992103095, "alpha_annual": 0.3320545445552492, "alpha_p_value": 0.8294451268148915, "beta": 0.808555528166014, "beta_p_value": 0.0}