{"alpha": 0.07762566192515413, "alpha_annual": 22.734371006954635, "alpha_p_value": 2.0489907042886962e-24, "beta": -0.006188485184321831, "beta_p_value": 0.41435294100027253}