{"alpha": 0.08012141736861335, "alpha_annual": 23.545070949109224, "alpha_p_value": 2.2526441275839062e-26, "beta": -0.05508907435445379, "beta_p_value": 9.555240744789514e-10}