{"alpha": 0.08049234471084848, "alpha_annual": 23.66601431670208, "alpha_p_value": 0.00017309310827558872, "beta": 0.06203944811505391, "beta_p_value": 4.898774039792014e-05}