{"alpha": 0.07973965597284831, "alpha_annual": 23.420718109794137, "alpha_p_value": 3.7852399546954302e-06, "beta": 0.041394070047277715, "beta_p_value": 0.0007499172448916414}