{"alpha": 0.06544595536477396, "alpha_annual": 18.853423061937047, "alpha_p_value": 2.3355364569113712e-23, "beta": 0.033815040867652704, "beta_p_value": 1.6477589591592628e-05}