{"alpha": 0.0686208540441059, "alpha_annual": 19.853134329315658, "alpha_p_value": 1.0107969095353999e-26, "beta": 0.03671656993380229, "beta_p_value": 9.123448439771558e-09}