{"alpha": 0.06908712807111424, "alpha_annual": 20.00065835834843, "alpha_p_value": 0.001300720955769958, "beta": 0.017776326998417094, "beta_p_value": 0.24520603904276553}