{"alpha": 0.07175034731851244, "alpha_annual": 20.846745935736276, "alpha_p_value": 3.431478504858526e-21, "beta": -0.006553686283813089, "beta_p_value": 0.3863222281040606}