{"alpha": 0.07362214465178979, "alpha_annual": 21.44495757489482, "alpha_p_value": 1.6229462728632165e-22, "beta": -0.025363288706288706, "beta_p_value": 0.004850748465526288}