{"alpha": 0.014797184901805817, "alpha_annual": 3.983461679735578, "alpha_p_value": 0.4510990214629885, "beta": 0.692976927028285, "beta_p_value": 0.0}