{"alpha": -0.00628954704416082, "alpha_annual": -1.6467824503652917, "alpha_p_value": 0.3982924148542947, "beta": 0.6921809109001107, "beta_p_value": 0.0}