{"alpha": -0.012332096955507535, "alpha_annual": -3.2034413614052126, "alpha_p_value": 0.11067702471556841, "beta": 0.6911508265110538, "beta_p_value": 0.0}