{"alpha": 0.13315670347992495, "alpha_annual": 42.091333626220795, "alpha_p_value": 1.4403273257814665e-05, "beta": 0.013312270161118871, "beta_p_value": 0.5338201609679947}