{"alpha": 0.07565446996533795, "alpha_annual": 22.09781347221702, "alpha_p_value": 1.0944487885866804e-06, "beta": 0.01661388266902022, "beta_p_value": 0.21286020410075218}