{"alpha": 0.037254425815540226, "alpha_annual": 10.333053947990845, "alpha_p_value": 0.019175723941596046, "beta": 0.02421589149025034, "beta_p_value": 0.20528801263770524}