{"alpha": 0.04190016769429912, "alpha_annual": 11.694052676164524, "alpha_p_value": 0.04983675691690439, "beta": 0.5273743123398708, "beta_p_value": 1.955398598939131e-215}