{"alpha": -0.014641053217059144, "alpha_annual": -3.791763196816844, "alpha_p_value": 0.05019555071247149, "beta": 0.6144904371201645, "beta_p_value": 0.0}