{"alpha": 6.689663661424817e-05, "alpha_annual": 0.01766226575181662, "alpha_p_value": 0.9929285897797027, "beta": 0.5769321314553745, "beta_p_value": 0.0}