{"alpha": 0.025390591018804514, "alpha_annual": 6.931970005091959, "alpha_p_value": 7.359581465457699e-18, "beta": 0.004311126381924735, "beta_p_value": 0.22107653696382606}