{"alpha": 0.02292500183267926, "alpha_annual": 6.238360604398352, "alpha_p_value": 1.8457983926022506e-15, "beta": 0.013316955917096088, "beta_p_value": 3.6317247843705456e-06}