{"alpha": 0.016164036970234427, "alpha_annual": 4.359304427077371, "alpha_p_value": 0.03805253527144742, "beta": 0.025011761160267213, "beta_p_value": 6.905421237564307e-06}