{"alpha": 0.1011816930789903, "alpha_annual": 30.60203631275065, "alpha_p_value": 0.001216679072481064, "beta": 0.07833208808938012, "beta_p_value": 0.0006729399172951975}