{"alpha": 0.024050769918524964, "alpha_annual": 6.554499259365776, "alpha_p_value": 0.039348624218816346, "beta": 0.06733559458874952, "beta_p_value": 2.9194560023691753e-09}