{"alpha": 0.0007194106432110644, "alpha_annual": 0.1901041959862626, "alpha_p_value": 0.9514926218561085, "beta": 0.06707852286676265, "beta_p_value": 1.4491139791747046e-06}