{"alpha": 0.036941626561090485, "alpha_annual": 10.242013381488114, "alpha_p_value": 0.00487689698858645, "beta": 0.006390365290903846, "beta_p_value": 0.6116017340903306}