{"alpha": 0.03142063959784185, "alpha_annual": 8.647385778385242, "alpha_p_value": 0.018713173734533465, "beta": -0.013054457308348963, "beta_p_value": 0.42492749479439607}