{"alpha": 0.05466352320879186, "alpha_annual": 15.519859476091336, "alpha_p_value": 0.09635295655786838, "beta": 0.048862864091647584, "beta_p_value": 0.043589414970959126}