{"alpha": 0.11071515816037274, "alpha_annual": 33.927220163075255, "alpha_p_value": 8.657960171828226e-12, "beta": 0.03866910916887129, "beta_p_value": 0.0007860072498470271}