{"alpha": 0.09010191575390424, "alpha_annual": 26.84072247585574, "alpha_p_value": 1.3735440026897097e-55, "beta": 0.012374310159539867, "beta_p_value": 0.06956519478768274}