{"alpha": 0.09431259052019555, "alpha_annual": 28.257259471830864, "alpha_p_value": 2.875575873858108e-60, "beta": 0.025270340190304226, "beta_p_value": 9.862078197011766e-06}