{"alpha": 0.019727960638248086, "alpha_annual": 5.345651785168215, "alpha_p_value": 0.2512596464893475, "beta": 0.8502798454919817, "beta_p_value": 0.0}