{"alpha": 0.006866216571432909, "alpha_annual": 1.829146593691311, "alpha_p_value": 0.24287840025861823, "beta": 0.8278234905016552, "beta_p_value": 0.0}