{"alpha": 0.004408393230332249, "alpha_annual": 1.170588545844664, "alpha_p_value": 0.43831849273097834, "beta": 0.8096527504340181, "beta_p_value": 0.0}