{"alpha": 0.028483072929214523, "alpha_annual": 7.808315270111366, "alpha_p_value": 3.6694190748438154e-06, "beta": 0.01887927596012819, "beta_p_value": 0.002107260128809557}