{"alpha": 0.026576406641227856, "alpha_annual": 7.267163532503873, "alpha_p_value": 0.1369547247054263, "beta": -0.05442014300989189, "beta_p_value": 1.9869415772037515e-05}