{"alpha": 0.025727486119209383, "alpha_annual": 7.027093609636803, "alpha_p_value": 1.3615244189813131e-05, "beta": 0.08368174603767692, "beta_p_value": 5.080172880337695e-32}