{"alpha": 0.035877236440361164, "alpha_annual": 9.932781697120397, "alpha_p_value": 0.012495971912188097, "beta": -0.05836528707587533, "beta_p_value": 1.293759102926104e-08}