{"alpha": 0.028515117296251887, "alpha_annual": 7.817433331170709, "alpha_p_value": 2.950393581421102e-08, "beta": -0.011198876285907345, "beta_p_value": 0.06870081288120894}