{"alpha": 0.0313615619125, "alpha_annual": 8.63044721730648, "alpha_p_value": 1.0830514907992692e-09, "beta": -0.031282403519388276, "beta_p_value": 1.1144420489836818e-09}