{"alpha": 0.07448931843881548, "alpha_annual": 21.723098506784222, "alpha_p_value": 0.029566855037346847, "beta": 0.03960107555592515, "beta_p_value": 0.11603164887326127}