{"alpha": 0.027600008902012394, "alpha_annual": 7.557345957478989, "alpha_p_value": 0.04411900626991664, "beta": 0.09357435162733307, "beta_p_value": 1.2802619404705366e-12}