{"alpha": 0.009308654972098358, "alpha_annual": 2.4878127379242887, "alpha_p_value": 0.5038760657315526, "beta": 0.13248095037786617, "beta_p_value": 1.0377679963243607e-14}