{"alpha": 0.02269766779570504, "alpha_annual": 6.17463405446006, "alpha_p_value": 5.1051515474627235e-06, "beta": -0.00668153101154683, "beta_p_value": 0.1784906800501242}