{"alpha": 0.025543463459915993, "alpha_annual": 6.975123673996153, "alpha_p_value": 0.08649129455003311, "beta": 0.004692262741559958, "beta_p_value": 0.658512037946005}