{"alpha": 0.02233889851314823, "alpha_annual": 6.074140881576584, "alpha_p_value": 2.295078887060665e-06, "beta": -0.01242116718840953, "beta_p_value": 0.028089771234645906}