{"alpha": 0.007267950394443332, "alpha_annual": 1.9371939246585423, "alpha_p_value": 0.6730508862685829, "beta": 0.7872793762258898, "beta_p_value": 0.0}