{"alpha": 0.023897701633135343, "alpha_annual": 6.511459572278966, "alpha_p_value": 0.00010791488774420802, "beta": 0.7949226570021068, "beta_p_value": 0.0}