{"alpha": 0.0209287858538652, "alpha_annual": 5.680078144998446, "alpha_p_value": 0.0007057399778565657, "beta": 0.7854620130062414, "beta_p_value": 0.0}