{"alpha": 0.019714409787814913, "alpha_annual": 5.3418839344552715, "alpha_p_value": 0.00027298693416960345, "beta": -0.013113384147047215, "beta_p_value": 0.04308380457232966}