{"alpha": 0.003978235393882431, "alpha_annual": 1.055767560594223, "alpha_p_value": 0.8026862245380684, "beta": -0.025483361179778924, "beta_p_value": 0.024781334300753764}