{"alpha": 0.016354450781884366, "alpha_annual": 4.411769718214553, "alpha_p_value": 0.0031062169616982395, "beta": -0.019806341054412896, "beta_p_value": 0.0003342609862187731}