{"alpha": -0.030264242996865934, "alpha_annual": -7.680028704634035, "alpha_p_value": 0.17556462350095212, "beta": 0.48156204432412586, "beta_p_value": 1.0920362177137899e-171}