{"alpha": -0.016461844356913388, "alpha_annual": -4.253187336734177, "alpha_p_value": 0.03180842183810621, "beta": 0.5612758225168187, "beta_p_value": 0.0}