{"alpha": -0.01675159491190591, "alpha_annual": -4.3264121942074745, "alpha_p_value": 0.022703354308604443, "beta": 0.6292847134225923, "beta_p_value": 0.0}