{"alpha": 0.08799170266160714, "alpha_annual": 26.136687375975253, "alpha_p_value": 1.8559761797428942e-20, "beta": -0.05163090260978797, "beta_p_value": 4.866353963852179e-08}