{"alpha": 0.05449111013517796, "alpha_annual": 15.467318875858172, "alpha_p_value": 0.04515099728329893, "beta": -0.07673826207070537, "beta_p_value": 7.688845541006404e-05}