{"alpha": 0.09453143619045284, "alpha_annual": 28.331311901181433, "alpha_p_value": 2.4230941657968103e-24, "beta": -0.01750694345179336, "beta_p_value": 0.11419521501520595}