{"alpha": 0.030811154514391988, "alpha_annual": 8.472762582522808, "alpha_p_value": 6.0863089357970896e-05, "beta": 0.6519834648964542, "beta_p_value": 0.0}