{"alpha": 0.02712067150746319, "alpha_annual": 7.421360701911239, "alpha_p_value": 0.16394656077385744, "beta": 0.6967118518765448, "beta_p_value": 0.0}