{"alpha": 0.028978646580612128, "alpha_annual": 7.949414187516601, "alpha_p_value": 9.375355844996544e-05, "beta": 0.674201466369712, "beta_p_value": 0.0}