{"alpha": 0.10245156207724465, "alpha_annual": 31.040161555219047, "alpha_p_value": 4.383338969688381e-85, "beta": -0.015083397920488144, "beta_p_value": 0.0036448443530360435}