{"alpha": 0.09022973311349361, "alpha_annual": 26.883491986053908, "alpha_p_value": 8.73052383125619e-67, "beta": 0.014348595747644131, "beta_p_value": 0.020717014367450434}