{"alpha": 0.13690213519098737, "alpha_annual": 43.501379943757755, "alpha_p_value": 9.4938503997757e-21, "beta": -0.04702642287948898, "beta_p_value": 5.824697199649897e-06}