{"alpha": 0.07704848063070147, "alpha_annual": 22.54764016611763, "alpha_p_value": 1.4388103964075965e-34, "beta": -0.0007375975459069447, "beta_p_value": 0.9060676374622963}