{"alpha": 0.07209711937010718, "alpha_annual": 20.957349568764315, "alpha_p_value": 8.339652068184744e-30, "beta": -0.0016538318730273888, "beta_p_value": 0.8273447701035495}