{"alpha": 0.09232879836327162, "alpha_annual": 27.587927972440408, "alpha_p_value": 8.577556151089647e-08, "beta": -0.005593171941186245, "beta_p_value": 0.6480747306346215}