{"alpha": 0.06137141170503609, "alpha_annual": 17.582594208506386, "alpha_p_value": 0.0016400215715811186, "beta": -0.0444148396843727, "beta_p_value": 0.0013870892834402918}