{"alpha": 0.0765103592519074, "alpha_annual": 22.373801016038964, "alpha_p_value": 3.346570400745031e-30, "beta": -0.027725661668532648, "beta_p_value": 3.237492892691506e-05}