{"alpha": 0.07942273492736047, "alpha_annual": 23.31758073504504, "alpha_p_value": 2.3977511877121504e-34, "beta": -0.006650321005818172, "beta_p_value": 0.3905955016601119}